epoch,train_loss,val_loss
1,0.1699655047402932,
2,0.10698473396209571,
3,0.09299404403338066,
4,0.08484987255472404,
5,0.07794625770587188,
6,0.07126114187905422,
7,0.06890872622338626,
8,0.06387771350833085,
9,0.06486237779832803,
10,0.06531176680269149,
11,0.06569720962299751,
12,0.05910807912452863,
13,0.059154249011324,
14,0.05588043610063883,
15,0.05496059444088202,
16,0.05166295930170096,
17,0.053198071339955695,
18,0.051522817104481734,
19,0.04960315595739163,
20,0.049718530203860536,
